insert into Genre (name) values ('pop');
insert into Genre (name) values ('rock');
insert into Genre (name) values ('rap');
insert into songer (name) values ('Britney Spears');
insert into songer (name) values ('Egor Bortnik');
insert into songer (name) values ('Fergie');
insert into songer (name) values ('Coldplay');
insert into songer (name) values ('Shakira');
insert into songer (name) values ('Rihanna');
insert into gensong (genre, songer) values ('pop', 'Britney Spears');
insert into gensong (genre, songer) values ('pop', 'Shakira');
insert into gensong (genre, songer) values ('rap', 'Fergie');
insert into gensong (genre, songer) values ('rock', 'Egor Bortnik');
insert into gensong (genre, songer) values ('rock', 'Coldplay');
insert into gensong (genre, songer) values ('rap', 'Rihanna');
insert into gensong (genre, songer) values ('rock', 'Britney Spears');
insert into gensong (genre, songer) values ('rock', 'Rihanna');
insert into album (name, year, songer) values ('The woman in me', 2024, 'Britney Spears');
insert into album (name, year, songer) values ('Shakira', 2020, 'Shakira');
insert into album (name, year, songer) values ('The dutchess', 2007, 'Fergie');
insert into album (name, year, songer) values ('My universe', 2018, 'Coldplay');
insert into album (name, year, songer) values ('Miau kiss me', 2001, 'Egor Bortnik');
--insert into album (name, year, songer) values ('My universe', 2001, 'Coldplay');
insert into album (name, year, songer) values ('Good girl gone bad', 2007, 'Rihanna');
insert into track (name, time, album) values ('Dedication', '4:10', 'The woman in me');
insert into track (name, time, album) values ('Shut up and drive', '3:33', 'Good girl gone bad');
insert into track (name, time, album) values ('Dare', '3:06', 'Shakira');
insert into track (name, time, album) values ('My rock-n-roll', '5:55', 'Miau kiss me');
insert into track (name, time, album) values ('My universe', '3:47', 'My universe');
insert into track (name, time, album) values ('Lousing my ground', '4:08', 'The dutchess');
insert into track (name, time, album) values ('Loka', '3:35', 'Shakira');
insert into track (name, time, album) values ('Music', '3:22', 'My universe');
insert into track (name, time, album) values ('My humps', '3:20', 'The dutchess');
insert into songalb (album, songer) values ('The woman in me', 'Britney Spears');
insert into songalb (album, songer) values ('Shakira', 'Shakira');
insert into songalb (album, songer) values ('My universe', 'Britney Spears');
insert into songalb (album, songer) values ('Miau kiss me', 'Egor Bortnik');
insert into songalb (album, songer) values ('The woman in me', 'Egor Bortnik');
insert into songalb (album, songer) values ('My universe', 'Rihanna');
insert into songalb (album, songer) values ('The dutchess', 'Fergie');
insert into songalb (album, songer) values ('Good girl gone bad', 'Rihanna');
insert into songalb (album, songer) values ('My universe', 'Coldplay');
insert into collection (name, year) values ('Super hits', 2024);
insert into collection (name, year) values ('Beautifull songs', 2018);
insert into tracoll (track, collection) values ('My rock-n-roll', 'Super hits');
insert into tracoll (track, collection) values ('My rock-n-roll', 'Beautifull songs');
insert into tracoll (track, collection) values ('Dare', 'Super hits');
